Length_m,Inertia_m4,Force_N,Max_Deflection_m
4.9963209507789,7.776993932579295e-06,-7644.648846376846,-0.005587320588154091
9.60571445127933,1.3128514210675373e-05,-7777.190808352001,-0.023927813590154477
7.855951534491241,1.8094187538146125e-05,-1843.7087753106698,-0.0022514196194411973
6.789267873576293,1.598337329614342e-05,-7754.084201354445,-0.00691891073016771
3.248149123539492,1.709841721792175e-05,-7552.452464842321,-0.0006898374911268969
3.247956162689621,1.4881750500660762e-05,-3165.415638238326,-0.0003321345275923779
2.4646688973455957,1.5384148467767787e-05,-5952.34141794514,-0.00026399575851647776
8.92940916619948,1.7737934773479792e-05,-3009.604987403369,-0.005505305705911283
6.80892009394567,8.74502013288779e-06,-9411.704581920532,-0.015482782403904289
7.664580622368364,1.2341374454647109e-05,-5611.859256939541,-0.009330722119843291
2.1646759543664196,8.318141627294033e-06,-9697.477598350457,-0.0005389121532339318
9.759278817295954,1.981502011994971e-05,-9436.12116890181,-0.020172466034289706
8.659541126403374,1.91608900952992e-05,-1842.0629199003015,-0.0028449867123931803
3.6987128854262092,5.591402170527589e-06,-8746.791659941644,-0.00360733716877852
3.454599737656805,1.558362758773533e-05,-5208.213859523046,-0.000627943080698556
3.4672360788274705,1.887872476123499e-05,-6300.139576593641,-0.0006339201841332751
4.433937943676302,7.708630176910003e-06,-6873.910063670416,-0.0035424382679606127
6.198051453057903,1.3519178458289444e-05,-1901.4998888145474,-0.001526224283867963
5.455560149136926,1.873232446382063e-05,-9803.589429020594,-0.003872739745274726
4.329833121584335,5.509189678786983e-06,-4025.8928244196986,-0.0027033033533792
6.894823157779036,1.54613040087026e-05,-1329.4500920780465,-0.0012844054451526985
3.1159508852163347,9.460235110588263e-06,-4958.486348843422,-0.0007226463725810427
4.337157188281745,1.8865942930647957e-05,-1568.5978417021743,-0.00030914014605645514
4.930894746349534,1.956587367748052e-05,-9529.679086425785,-0.002661111377892052
5.648559873736287,1.9163997336701512e-05,-6230.860128332548,-0.002670434526264393
8.281407691144109,1.2113213249861958e-05,-7658.5798813415395,-0.01636470587148802
3.597390257266878,1.7930639764839703e-05,-3422.6113151734316,-0.0004049778617944329
6.113875507308893,1.7668240978026058e-05,-1168.3261855247802,-0.0006886957368289311
6.73931655089634,9.786507098648836e-06,-7691.22943800177,-0.010962824050691228
2.371603301759982,1.7433732112260163e-05,-4112.42858673333,-0.00014339729674838644
6.860358815211507,5.55511452073239e-06,-8217.121305162338,-0.02176576817864934
3.3641929894983322,1.3944048177230797e-05,-4912.027708855511,-0.0006112536453302771
2.520412743882236,8.450132559315547e-06,-5824.607619804974,-0.0005029501905577836
9.591084298026665,6.808503286659183e-06,-1251.9520333161672,-0.007393430368863108
9.725056264596475,6.154298024438138e-06,-4523.254545731801,-0.030807446091908434
8.46717878493169,1.5444331638172097e-05,-6854.442651218631,-0.012277955156545173
4.4369101533869655,1.0098124456520994e-05,-8973.1379360086,-0.003537140838310843
2.781376912051071,1.5871501572931423e-05,-8638.778541385589,-0.0005337288572552247
7.473864212097255,5.980345111984136e-06,-7972.147630438884,-0.025362468429883933
5.52121994991681,9.729355067459156e-06,-7741.300047937319,-0.0061029781872407735
2.9763058787582306,1.309236938563006e-05,-2344.45547942976,-0.00021516084981088162
5.9614152808901615,1.6860847472584457e-05,-4948.994905457275,-0.0028339524612317926
2.275108168921747,9.78128754398105e-06,-5289.481797630702,-0.00029022182883629534
9.274563216630256,1.4388370646555137e-05,-8967.080153177043,-0.022658265252077602
4.070239852800135,1.828966622354281e-05,-2258.7427598550858,-0.0003795140204110345
7.300178274831856,1.423794782273457e-05,-3494.671271123647,-0.004351772214964217
4.493688608715288,8.494392121304508e-06,-9390.984742899986,-0.004571877421679781
6.1605441694224865,5.366011723348071e-06,-3629.4841249320816,-0.007207046687047639
6.373682234746237,1.805148310851395e-05,-5108.156043916186,-0.003339099136839586
3.4788356442042163,5.319041162755808e-06,-9264.471888278997,-0.0033419186547564753
9.756677022116468,1.8120525090262994e-05,-5875.294226242092,-0.01372370747219256
8.201062586888916,1.2934057010408183e-05,-5637.733415829577,-0.010956881589933956
9.515991532513514,1.9086015477693444e-05,-8508.029138530517,-0.01750582819935433
9.158618803421192,1.6981748536604983e-05,-1488.7166769974592,-0.003069208711678099
6.783199830488681,1.9969011658000064e-05,-2350.2216566740426,-0.0016740287481146767
9.374993880184935,1.0260677231775653e-05,-3978.7989640380247,-0.014561153258340316
2.707940016415356,1.6507824333966904e-05,-5839.339950994535,-0.00032010898566090987
3.5678628993531616,1.1028963704138632e-05,-6294.110125739424,-0.0011812203678943519
2.3618183112843045,1.2198134304558635e-05,-4141.238795641412,-0.00020383705853064654
4.602642646106115,1.4412581948275553e-05,-5091.11317533785,-0.0015696381929675538
5.109418317515856,1.8105156712795085e-05,-9439.542047063029,-0.0031693473805377544
4.170792254191167,1.976125203798943e-05,-5387.476161067015,-0.000901432897560948
8.629900073215435,1.6524101207967774e-05,-2742.3674449044447,-0.004861070544619059
4.854026613548714,1.1266501732510007e-05,-5866.841101627378,-0.002714116728390423
4.247476077499046,1.1320355034156054e-05,-9532.390802011585,-0.0029406371548271184
6.341568665265988,1.6063734523833374e-05,-2923.4962055437018,-0.002115207308731297
3.127393799798101,8.581657186524536e-06,-8187.725960776231,-0.0013299847881706895
8.417575846032317,6.65711169697092e-06,-7672.412486007651,-0.0313266560415896
2.5964051494381666,1.031933236461165e-05,-8517.642819109336,-0.0006584033525247386
9.895095492804138,9.308584874811227e-06,-7028.0644161565215,-0.033336412696598844
8.17795815437326,9.444621806839853e-06,-3189.236448802285,-0.008416734407596075
3.5897254522733792,8.50411626574865e-06,-5325.527264464564,-0.0013201520385144247
2.044176936988819,5.6313978445454284e-06,-8156.068532643587,-0.000563802416313019
8.523691427638674,5.268109021001208e-06,-2099.529296631633,-0.011247530172863642
7.654858750780937,1.9815835846040475e-05,-2083.7633054362377,-0.002149583691739687
7.8320573443278985,1.1416597006037936e-05,-2164.794174585938,-0.004151588875106862
8.170162773487565,1.0764899707395226e-05,-7850.834097566147,-0.01812611635233783
2.592357213872723,1.5194709240396048e-05,-5938.8459023711075,-0.0003103137515076305
4.867725828354181,8.273808317975964e-06,-1135.0930947321249,-0.000721126038505024
2.9269524762010377,1.9249417759253384e-05,-3051.887713210087,-0.00018117772009776538
8.904827407004749,1.6795175216233284e-05,-9755.493208969961,-0.018691667008131834
6.986385014620463,6.341165034683893e-06,-9413.15867865557,-0.02306910228371902
4.6471841988211935,1.1263711636773927e-05,-5824.6176086890055,-0.002365170099467083
2.508466802288189,1.8186774613432474e-05,-1817.018147245959,-7.186798656452133e-05
4.487858573725298,1.9170980334371157e-05,-5151.683818425572,-0.0011069530232843709
4.601466576213976,1.2011022668748047e-05,-5519.687427691388,-0.002040469642969245
7.836849426704513,1.4201170838160616e-05,-9050.736700390325,-0.013979483014666118
7.100459770841705,7.505509191381129e-06,-4088.9790574813533,-0.008887936905967748
9.097701940610612,1.986752939205465e-05,-2601.071554597971,-0.004492730551281975
5.777719401295594,8.475075520751652e-06,-6576.219932431939,-0.0068203853878145764
2.9567539675064136,1.9140976612026888e-05,-3019.4933416720523,-0.0001858328009053608
7.70595829778396,1.474469973488553e-05,-1319.7101148926959,-0.001866506041724556
8.08628038893518,1.4116051923182888e-05,-8166.101867850798,-0.013939742750000194
6.49021758055597,1.2690327665247632e-05,-5290.033319247328,-0.005193619939521797
8.167737439636488,8.460047175766381e-06,-7415.758377238821,-0.02176681649331489
5.950364770915126,7.647920480082625e-06,-2864.3102286954454,-0.0035959552946877756
6.1818626350559525,8.307293136052631e-06,-4801.6597070695825,-0.00622295583608227
5.420328146868397,7.79657393216382e-06,-4288.758242047266,-0.003992191145900899
2.2033530139527615,1.6693767103501303e-05,-2818.7725634569533,-8.231230463024936e-05
2.8631314159464356,1.0251878887500952e-05,-6436.265746037906,-0.0006715234323684336
2.251433485493874,5.867640148450946e-06,-1764.1893843366106,-0.0001563744950868951
7.091283290110243,1.9536539452112172e-05,-5202.74019478474,-0.004327786532935727
4.514847848610613,1.825678827445139e-05,-8578.406594481869,-0.0019706905287087853
6.068565529317622,1.8916284247928197e-05,-3736.9079364807776,-0.002012062788345161
9.260531791408745,1.9923617339696533e-05,-2860.64784605571,-0.005196498564246635
3.9943378331909996,7.60842873829231e-06,-7149.14490639226,-0.0027289798468601296
5.283063384285038,1.0943630283539881e-05,-2285.3866870112233,-0.001403338915433131
8.04440910834439,1.637357713556137e-05,-1844.7107071081027,-0.0026728462029899486
3.8303853239329797,1.5440309270806885e-05,-7507.8596135997195,-0.0012453584354854285
2.615839278630344,7.308438595097827e-06,-1148.3067455630007,-0.00012816614097688783
4.318011623310144,1.723749687485927e-05,-8733.596247561174,-0.001858990437066756
3.2897702980320354,8.36660857754991e-06,-8181.85898437759,-0.0015867411641288826
9.437581218740585,8.357264222339347e-06,-8341.976446857765,-0.03823787569593925
8.464963036515336,1.3054616343401206e-05,-1954.0926099291664,-0.004137738608359132
7.067230052083388,1.3894099022625548e-05,-4111.367029075343,-0.004760037447464124
8.971684721501742,1.3701293117567168e-05,-8631.061450999545,-0.020731536268010615
8.429376615192915,6.372302560966324e-06,-6037.08923468486,-0.02585975497510958
3.4925604710882867,1.8161912939455706e-05,-4462.3177743717815,-0.00047702103702158805
9.140471987919822,8.984000638830593e-06,-9248.82323509555,-0.035828563458339555
6.314737935325206,6.942723819242063e-06,-2058.252684333951,-0.0034020572752302587
8.459521241312501,1.833122119803466e-05,-2767.568181026183,-0.004165346272762261
9.168730399387947,1.9334772473446305e-05,-5453.139037810256,-0.009906994863241723
4.544027799774911,1.7931914258981762e-05,-1295.860462667466,-0.00030900204186676505
2.880415396221414,1.7142741120873174e-05,-6240.151186524103,-0.0003964487385720526
3.8234813003355335,1.482862970958533e-05,-1143.0071286715192,-0.00019635033855220724
5.4168623090100505,1.3262860559137093e-05,-3988.720010767356,-0.002178444810769111
8.544118127379946,6.304801398671153e-06,-4287.958540714527,-0.019332486847397422
8.885844666050748,1.1126798196060481e-05,-8506.405942337935,-0.024444371098809408
2.0556170442495256,1.059032775518471e-05,-2062.6501752582044,-7.709915730951504e-05
6.085978420620526,8.896306756404894e-06,-6152.592808714464,-0.007104711915406927
5.339288025190232,1.5851301705328775e-05,-8539.899347957686,-0.003737185817776662
3.776862483765842,1.2438136026181564e-05,-9886.532320218168,-0.0019515920030772308
2.9589229386694624,6.21569323861472e-06,-4962.198847254557,-0.0009425239163007177
4.700921371229024,8.30274802924717e-06,-5253.403400895913,-0.002995536932183532
9.543277631300153,1.5248881454893942e-05,-3525.817398677573,-0.00915843627485616
4.585623456166042,6.141962892354503e-06,-1987.677522839781,-0.0014221347000138364
6.150324973946929,1.776810371073153e-05,-9285.340738212733,-0.005540612542082681
7.624151671161423,1.2427197905209617e-05,-3416.5315869367387,-0.005552564754908622
4.909036819034352,1.2208798659899722e-05,-8313.29250312176,-0.0036710966830698303
9.774256661767685,1.3886116769892765e-05,-2276.4065215855244,-0.006976330539866327
9.69957835953689,1.737021448887724e-05,-2628.4283752450947,-0.006292980091669623
4.014258366602913,1.0217138118532898e-05,-5132.8562051301005,-0.0014809916892865127
5.977988047139084,1.5170242288385954e-05,-3607.8148123901965,-0.0023153874317326083
4.407026478534157,1.3485979459936866e-05,-7170.848981346264,-0.002074110482281198
4.278723955019741,9.00542405254132e-06,-5759.488909604668,-0.0022831235219917746
2.2950955788362624,1.817944979532737e-05,-2605.2679206057546,-7.895521313981215e-05
6.876514671839175,1.6961390324103922e-05,-5866.613225441075,-0.005125520261376179
6.021432185830892,1.4876777519876385e-05,-6779.815612071024,-0.004534352067429271
2.411830009999915,1.775872593641363e-05,-5552.087974747301,-0.00019989017238029755
4.2291717138928915,1.800941301439704e-05,-2545.7567280650346,-0.0004872929442628206
9.26612708773323,1.5625444650725525e-05,-6983.127573662146,-0.016203885765173568
3.9164951253357794,1.7555199925455084e-05,-8436.145661778306,-0.0013156424730138973
3.1591589767297847,1.5462071925039257e-05,-3591.8738170229735,-0.00033379102127601063
5.915622082220504,1.520211157640451e-05,-2566.1960856272635,-0.0015925534274266668
9.885203632884807,1.4279170673227765e-05,-9094.2626932882,-0.02803678394833128
3.9364421720920033,1.6290749593364622e-05,-7841.132985196497,-0.0013380002768572277
7.377084379247028,7.379076579396106e-06,-8722.252092151055,-0.02162657244278088
8.09295692262974,1.821306138798393e-05,-6868.5272957605,-0.009109807240290415
3.9011003519391974,1.8077652916178483e-05,-5946.841189851286,-0.0008900460723610813
7.825730788894877,5.438709245518387e-06,-3260.562967330242,-0.013094179354197464
4.942265061754026,1.738725125847144e-05,-4139.671736064933,-0.0013098449779495982
7.058446644748636,6.933048012101679e-06,-4411.64289269412,-0.010197891235301208
7.068237686087158,1.002678281388713e-05,-6828.62548051311,-0.010960035134777548
6.286197472598068,1.615262384437412e-05,-2426.9720222371607,-0.0017009540190583076
2.7223181604352664,7.411398440724623e-06,-5758.415493416519,-0.0007143750881187721
8.682419964713905,1.7269505361785934e-05,-1188.0555578636086,-0.0020520410388964894
4.566240519773887,1.7482012669366132e-05,-4292.720755338369,-0.0010654286783048053
3.492148083198834,1.2612016006412545e-05,-8863.617325919475,-0.0013639902418872175
2.3262011324381113,5.0957880757525045e-06,-3914.4019413210935,-0.00044065902853717396
6.7271435455059345,9.305571997623693e-06,-7074.06386111471,-0.010546899589606274
7.420514894738259,1.4253903775636134e-05,-3823.055229825123,-0.0049944273160762226
2.132702631422849,1.9717792670411356e-05,-9373.229666538347,-0.00021014966467803112
6.096744466394248,1.4477202905250026e-05,-8426.067065416366,-0.0060109214512988314
3.8119662015835036,8.897053715962398e-06,-2298.3646698479233,-0.0006521187281726428
7.161382323275599,1.4510085546494173e-05,-7955.383986788366,-0.009176743186815634
3.3949314320399315,1.3099780695737835e-05,-2466.62987281354,-0.0003357683894694171
7.527501904819728,1.6697680927267157e-05,-7486.515203910306,-0.008715313213344584
5.093882770404299,6.604709582404377e-06,-4214.062809471631,-0.0038432703968415667
9.493839909893875,1.6415418537530423e-05,-3752.644838411521,-0.008914932103652368
3.100167553167946,1.3118998680141655e-05,-5386.107221694524,-0.0005574894206951853
4.728530808402068,1.9444880057884923e-05,-7252.203909729418,-0.0017970089135296032
2.9077881699247126,1.0128082490580293e-05,-8086.200612660135,-0.00089456602935389
9.397548946228502,1.4489328397009225e-05,-9701.295808938165,-0.025323988340124337
9.018714827047848,1.8980421582650264e-05,-7264.482388833486,-0.012794979934341802
4.063533021721245,6.537645919860189e-06,-4121.5348852184525,-0.0019277725370240523
7.279872368273432,1.9058427308546768e-05,-1555.256633963656,-0.00143480579677275
8.537777601609726,1.5318285834512202e-05,-2159.1596596325317,-0.003997752708283695
6.441606492795699,6.017555886577579e-06,-3105.417011182277,-0.006286214448726497
6.237204626848052,9.514453504202245e-06,-2903.9739107203122,-0.0033750923741538244
3.9348183272036135,1.5622581329679226e-05,-4015.1358687160428,-0.0007135564442731095
2.7448221424471937,6.010259022031576e-06,-7657.418281905973,-0.001200711393418704
9.177726063626615,1.37325569026441e-05,-1835.244723647531,-0.004708197511582563
9.203344457306644,1.0188245854294352e-05,-3963.4091928474936,-0.01382016890209506
7.0648116581861435,1.4313732766512158e-05,-4956.03432117604,-0.005564036753055567
4.712238328389605,5.6861305071876935e-06,-9001.09477707867,-0.007548611560977372
4.793676596901287,1.8073052092285646e-05,-5976.5001057421705,-0.0016600778278115813
7.807645430961915,1.9602334537660956e-05,-5856.7755591826635,-0.006480639395664922
9.176882079620617,1.9533167829285375e-05,-2218.9275142959705,-0.004000946201192552
9.096691394120938,1.6244777476143872e-05,-5080.166018309904,-0.010728063790939258
8.239004366860991,6.95129360195948e-06,-6576.395059266313,-0.024113113237288906
7.136253169234302,1.6373947938935342e-05,-1208.7970434040653,-0.0012226933632022415
2.6731197199603907,5.368803746882023e-06,-9003.51466006316,-0.0014598108955968146
3.29302971275691,5.33185327293496e-06,-6197.0641451924985,-0.0018914792192020434
9.188433508216633,9.854153287243119e-06,-9621.777923457352,-0.034519720470508976
6.8514324772767194,1.2329647856069987e-05,-3340.862913097627,-0.003971540107554886
2.073576412933037,1.65561112671169e-05,-1737.3110302076439,-4.263695656883755e-05
2.811772342928257,1.5249430649097579e-05,-7479.664034045595,-0.0004969077274577008
7.3080141528644464,1.1688540595651225e-05,-2274.9249088079123,-0.0034618778495540607
2.0404926707697495,9.104399994224989e-06,-7370.03592584292,-0.00031342253352240187
3.2864644113399892,1.995686750236567e-05,-1803.0685452047637,-0.00014615493652286323
6.389870314932689,1.1392719533539595e-05,-3214.342867628944,-0.0033546541324991313
7.535161581541546,1.1770805364945134e-05,-2755.8390084270522,-0.0045649097717709265
7.215690076020804,7.454357317875039e-06,-9837.94099959591,-0.022596149825318976
3.7941544756844783,1.6922143231248942e-05,-1334.706786333767,-0.0001963280498973607
7.697433770780287,1.540523338672233e-05,-3459.961071367091,-0.0046681804695014656
3.8979926999744006,8.311544191831408e-06,-7257.2401415248005,-0.0023567833667516814
4.603197585274142,6.235715684237641e-06,-2535.4480162703776,-0.0018073991753782088
7.971931240944193,1.52074895311207e-05,-7466.3092142656305,-0.01133563628836668
7.197063192377717,1.4817668214217029e-05,-2145.215443904848,-0.002459596242241805
8.793787283953424,9.098892904973142e-06,-8986.776486292567,-0.030609066125492027
7.260903138402747,1.9262953433756156e-05,-3666.826202852838,-0.0033208266479998207
6.546468826683773,7.265868376713504e-06,-5133.713710195807,-0.009033837130756464
2.74939814262474,1.148502201563903e-05,-9131.189768241033,-0.0007530351796629186
4.941726424475468,1.9154238802513984e-05,-7822.955545670449,-0.002246202396242103
4.121618941453804,1.1295909753891835e-05,-9888.363673504167,-0.002793274086584898
3.9519171470326686,1.4577889214961287e-05,-5781.0883108194475,-0.0011154375879097497
9.784084438019566,1.0963915969441917e-05,-7288.612653159997,-0.028375699274778322
5.144781797334083,9.113228035230051e-06,-4614.782641320171,-0.003142582712990386
9.136372441416906,1.9759664719397427e-05,-7324.859730622446,-0.012883917967420321
7.049109007978103,1.1140010094725647e-05,-7300.727996437137,-0.010461406742092824
8.358490428333187,1.8411488055187017e-05,-3311.261211415569,-0.00478624498126976
6.021096744841537,8.449319088366295e-06,-9566.714476194818,-0.01126353573481826
6.615231077010873,8.19657056037625e-06,-1873.945043272115,-0.0030162445500350418
5.940141550550911,5.467011243267671e-06,-2329.625130479367,-0.0040703643150166325
3.561943902384356,1.4775002380638279e-05,-3989.7578509623418,-0.0005561437091157641
7.779616922092043,1.0527895155856418e-05,-4661.005869033541,-0.009499911506849458
4.246178899526846,1.7965373747594558e-05,-1969.27751674313,-0.0003824479645596146
2.1945277314516307,1.2098148600373358e-05,-8332.02838424157,-0.000331712525011693
7.1637783672573425,1.952290141872083e-05,-9289.277540282543,-0.00797206489446723
3.4168854352563915,7.782882735546818e-06,-7844.408470814157,-0.0018323894812504193
9.523668674823314,1.8029347519334164e-05,-2848.795491698288,-0.006220150916512033
9.631428616020699,1.6648952791876128e-05,-9687.96759946165,-0.023693254023474067
9.318915121763588,1.656382766966078e-05,-4754.7384842485935,-0.010586900331521274
4.961269602043555,1.7671748421753317e-05,-1041.0623542782105,-0.0003278555424392449
2.1236529322309394,1.6415359864144985e-05,-2298.7351554621455,-6.112177797596261e-05
9.426548500701802,1.4393304824471233e-05,-5306.988798607695,-0.014075135722302207
5.425473186538515,6.968673165235814e-06,-9427.231816420219,-0.00984586278381388
9.733238552349356,5.487892692368779e-06,-2517.6383705286116,-0.019278208161378797
9.708959816714023,1.8812717717235306e-05,-4609.193426405105,-0.010218763075898597
8.82407564373888,1.4249754717811072e-05,-8965.603026463898,-0.019700924569863693
4.3555911365566855,1.6948059364642648e-05,-9155.284436589794,-0.0020342297684100294
5.080781828815402,1.2222835272688253e-05,-1813.3586250706685,-0.0008867683973491732
8.809093372134855,6.759622834435918e-06,-3977.1976335572945,-0.018329692204090822
4.535376041250221,6.8777868830382575e-06,-2536.4188061492005,-0.0015679022339740011
3.35594197348874,1.5283479308434572e-05,-2089.1898974595942,-0.00023545387214385287
6.454410099666801,1.1454588423491941e-05,-4854.0488315651,-0.005192794600367403
9.489238193286248,8.007870900505053e-06,-5342.9828342046285,-0.02598170124941942
7.568238373399784,1.2373918201121556e-05,-6126.153307111088,-0.009780743091935093
6.56048936071492,5.963134056127012e-06,-7147.4807098799265,-0.015423891093708
2.7774119501661483,1.3729571028715984e-05,-6088.636352271595,-0.0004330028867809455
6.920057813593358,9.034901066526466e-06,-3035.083098428592,-0.0050732139453870196
9.920430800834106,1.6963386509557826e-05,-4582.689120863816,-0.012020049597291124
3.1206721218921922,9.655429383853609e-06,-1967.290390406385,-0.0002821942281831256
6.146637218909894,1.1828302236227018e-05,-6009.57987058731,-0.005377015233517676
9.018984575423644,5.17430809862151e-06,-4536.193791531214,-0.029310219577320978
7.9261489420336355,6.086703316918384e-06,-4318.232022172102,-0.016099683981627158
7.576125927962144,1.0887403346100273e-05,-4674.725539243071,-0.00850903252821757
7.619872671896874,1.2199082520756854e-05,-3676.296042230353,-0.006076216992791868
4.875929209758041,1.4000308221789557e-05,-7863.0987846267435,-0.0029671201606558542
4.348734754115947,9.37493868063955e-06,-5388.726002087884,-0.0021543350532849527
8.474889243828109,1.542472829189814e-05,-9061.976774724872,-0.016297250467738368
8.480907157433446,1.790183595783807e-05,-6539.398051196687,-0.010154860257612008
8.93657854864083,1.669776483340025e-05,-5610.99638240862,-0.010929550565377389
9.30592442045177,5.594282380225357e-06,-4129.9816640907475,-0.02711372123474242
6.090739190887502,1.2207604208867434e-05,-1445.220526724168,-0.001219047181751312
6.012130357497597,6.573952676272623e-06,-4594.1404010647975,-0.006921013240841198
8.386361431734201,8.630675237937913e-06,-3307.6547544109617,-0.010301558863735837
7.199711446222121,1.9799938899007198e-05,-5443.605464543175,-0.004676004154214889
7.615735018061627,7.137433143522699e-06,-4293.0637176130185,-0.012107865272386055
8.366341355488808,1.2483322301770342e-05,-9361.61005479604,-0.020014001538655145
9.12004273454053,1.4272336014771788e-05,-7710.475772423377,-0.01867598684899914
4.703961254812286,1.5536974558161562e-05,-6743.322161153752,-0.00205875888291967
5.004663621119552,1.3394730252303713e-05,-5747.5598049413775,-0.002451212873076257
2.751855518726952,5.146562711287756e-06,-9589.161290478547,-0.001769485726356944
6.626241127969392,9.896919623659878e-06,-8739.78312202014,-0.011708712547739256
2.2875381903739367,1.2765674650770674e-05,-7508.671229878248,-0.0003208715421836838
5.724784145059681,6.317997487172501e-06,-1256.2057818905432,-0.001700064942540823
6.341157077660613,1.0259403968137714e-05,-7017.876936072544,-0.007948697613768386
4.292330017026275,5.498046631870499e-06,-5661.630476991258,-0.003711241723320102
6.726666084552086,6.178677457325312e-06,-8235.120585354463,-0.018487614273735787
2.2440019995123954,1.0953849143023943e-05,-4502.979360318086,-0.00021169458238519547
2.2987855099937153,6.9907363106459054e-06,-7473.851060356232,-0.0005918664126374471
8.580804485277266,1.3513112723923373e-05,-8137.066794054159,-0.017338172743211026
4.881525131290103,1.534197453705899e-05,-5350.846343986188,-0.001848905162508658
3.0164841012150783,1.7008800486636246e-05,-9950.447807556213,-0.0007317772192176413
6.177946080438435,8.002253663672152e-06,-9931.023706156971,-0.013335855149003314
8.159948424788887,7.512238733886047e-06,-8028.38071808328,-0.026462303361168407
3.7265682199747454,6.568517605016005e-06,-9669.50773749261,-0.0034719307102616653
6.983123806552002,1.4546453743154553e-05,-9027.768212823778,-0.009631176012565214
2.682779719950144,1.559713589730352e-05,-6950.254155951236,-0.00039211883021236815
2.4134537693488616,5.473792172384631e-06,-2776.728883781684,-0.0003249892162006773
6.250837052545184,1.904318369365535e-05,-4851.562209676293,-0.0028357203876504125
6.325080972880852,5.779569254772087e-06,-5385.9904663922525,-0.010746701882263971
7.099439211985652,1.3119445029516057e-05,-7358.600591126906,-0.0091465797627626
7.808730669781292,1.563590779176375e-05,-1614.2165251046517,-0.002240200265009682
9.806816635700276,1.8064536856191286e-05,-6426.864628865274,-0.015291965531836012
6.1304027864095625,1.571130398198642e-05,-9216.165098838057,-0.006159023609093651
4.583651783529968,1.702592124604688e-05,-4446.401354939789,-0.0011461454046088793
8.361489558149628,1.0091752888142091e-05,-8975.454458710587,-0.023694503870527288
4.166658010096594,1.7222376706197684e-05,-6892.991714784772,-0.0013194260809247882
5.511771365645089,6.2017226957701276e-06,-5433.29255153972,-0.006685457830187027
2.6276510507381277,1.8422249840907915e-05,-2131.9972778334177,-9.568720627222691e-05
2.20280594732366,1.3213885642306044e-05,-5558.080776938932,-0.00020489428999734188
9.7011873174234,1.7259466549437408e-05,-3679.6711057150214,-0.00887080697578261
8.687840964097646,1.1784774267774503e-05,-1064.6484490083676,-0.002699773740098934
7.567793648749584,1.4653665427947875e-05,-8816.597920918166,-0.011884185800019455
5.271623555314159,1.28960399140417e-05,-7527.416270324324,-0.0038969923995112285
3.386354560566766,1.597384282632998e-05,-6448.815319621182,-0.0007144546072417291
3.2514963413686884,6.224449730458844e-06,-6203.546393150518,-0.0015613335929841956
4.001943185316763,5.905281259858458e-06,-6300.810322610088,-0.0031165593324611043
6.393813317648964,8.706548510152198e-06,-1831.5009769910057,-0.0025058081100728428
7.716767381600499,7.393170201697826e-06,-3573.706199798292,-0.01012281248397503
7.28157901374185,1.8076753498883027e-05,-4528.853073183666,-0.004408098793296577
4.239471175567543,8.288209810370665e-06,-7215.645539234962,-0.003023126631908953
9.638922245305553,1.9637978837286973e-05,-2585.8865420083475,-0.005374089976427098
7.903175333566148,1.0053436876566604e-05,-1404.4553966350995,-0.0031427155252538833
6.4348324200912055,7.73176873533049e-06,-2609.2154570479615,-0.0040977894049760415
6.893765969874818,1.6845477607137188e-05,-9985.914053276743,-0.008850767389370904
5.356800499422319,1.4880616632513144e-05,-4272.387668349336,-0.002011281997842865
3.9818479160092597,1.2472935746797087e-05,-9539.781567021093,-0.0022005466271662407
4.847781429210093,1.3330453264064471e-05,-7681.535016996503,-0.002991844478548358
8.062768883714952,1.578802667408396e-05,-9464.277696870055,-0.014319210741055839
2.115147909038047,8.426821119969482e-06,-4565.84092345551,-0.00023366090399253622
2.92858112405533,1.994500874085113e-05,-3820.690778566539,-0.00021927355617690783
2.368021136174022,1.962189743220175e-05,-8969.611257406854,-0.00027662801955869544
2.325830418551761,1.4754885295204056e-05,-6545.450052595184,-0.00025435755305505437
8.843684672088058,7.993136763937177e-06,-5893.871419400122,-0.023242882396806896
7.629262875040189,1.5203423636469373e-05,-6678.522804151751,-0.008889832501858055
5.7933906326986016,6.082976134687638e-06,-8910.774995633263,-0.012980894719054573
2.782673285208012,5.459787533087091e-06,-6229.469888312721,-0.001120388980260351
5.932927000934659,8.865243327668206e-06,-3239.3975697242367,-0.0034776624843570734
5.7877741662445255,1.1939344351089746e-05,-9360.931019200701,-0.006927557226845909
3.3856149592801215,1.802408758112571e-05,-9278.37987326287,-0.0009104128511428302
5.470813193903784,1.5907536046494623e-05,-6807.058373476142,-0.0031931479401308073
5.1880378751789875,1.614059781799972e-05,-1524.4685954296747,-0.0006010562317772027
6.926800784417732,1.1382400016721131e-05,-3982.846179493774,-0.005299862550295491
7.08074920694115,1.0189024888204445e-05,-3891.970389946917,-0.006179898837229584
2.362432078176356,1.0565581444769043e-05,-6742.720082459215,-0.0003834657199003027
4.99690091701177,1.981474345604087e-05,-4657.0528791231545,-0.0013363854960616766
7.006879325713891,5.601637871187238e-06,-9908.81934375031,-0.027732410450486123
6.025090068640702,1.800547244183673e-05,-4275.13558231412,-0.002366697904562789
8.851918729506579,1.3680131128585903e-05,-1780.4174718138693,-0.004113870964011405
7.26954905295156,1.1579231287843858e-05,-4486.838784896628,-0.006784064604693382
3.3034754166514375,1.5878864906227048e-05,-2136.712658802895,-0.00022107861302014863
2.5645499792034387,1.2300034121370545e-05,-3484.242500805156,-0.0002177420882849726
7.139354225650525,1.8101348571224912e-05,-8914.974252366788,-0.008167568344815452
2.2120904843329745,1.851052796016888e-05,-1877.9202344274245,-5.004651290984734e-05
6.686204650187706,1.1325813903101832e-05,-9402.005400798025,-0.011308288898317677
9.52184193139966,9.152416958525774e-06,-5194.292747070126,-0.022328541332407036
6.603793423007032,1.3885254928900435e-05,-8720.76588585888,-0.008243051868057133
5.105359409652175,1.8685450184250367e-05,-9894.640503421864,-0.003211310076469005
7.146305747538825,8.159932835084999e-06,-6201.691658851249,-0.012640818318078392
5.666023123932133,1.4344498753452245e-05,-7344.633631112594,-0.0042445007242637965
6.3649343145274795,1.4473403301387808e-05,-5625.995555821572,-0.004567907739069909
9.531718470212201,1.5996695336229215e-05,-4805.201019389043,-0.011855004707971736
5.088821102406194,6.973515276908898e-06,-9606.348349219474,-0.008273036670400831
9.689524510591314,1.5737374470231332e-05,-8892.970343886289,-0.02342765318955333
9.24280513564851,1.8635487809984616e-05,-4972.218431946172,-0.00960124714363505
3.5663290783143715,7.69524663305363e-06,-6911.493821446076,-0.0018566089889575775
2.5548904070013236,8.563149873858166e-06,-3437.438612054968,-0.0003050879516315991
2.806224011019413,1.9570926410624595e-05,-4129.375162672543,-0.00021249405808150873
2.145774605212398,7.714654290642347e-06,-2389.5607330908388,-0.00013946355510660924
2.755543686047427,1.781577640054369e-05,-3767.5645599769723,-0.00020164370842445768
7.464054187330855,1.2384167846720523e-05,-6130.620303488667,-0.009381424004706077
2.569509187681832,8.708466116047658e-06,-3943.3003984501083,-0.0003500866462753375
4.55180504235009,1.8061248519087672e-05,-7521.569431701233,-0.0017898576094829521
8.759002487755637,1.1679578825039983e-05,-7243.178510996086,-0.01899209089113589
2.186175485886607,1.2722260308945353e-05,-2899.1335607128603,-0.00010850901740325435
8.515747860711485,1.0388500540996486e-05,-5982.2243523857605,-0.016206343373848194
4.254838198187199,1.3894262771523913e-05,-2814.576935334828,-0.0007111047656099716
2.94531862097325,7.4528580887753425e-06,-2598.198636985494,-0.0004059318915021497
7.573897322913205,1.0866223049776412e-05,-2281.938961048446,-0.0041580573198872275
7.031542774239072,1.9541184835029316e-05,-1750.2828774291338,-0.0014191099494278462
9.019776108216423,8.872001490516914e-06,-6121.133015380334,-0.023073012836724714
7.880568350431086,1.4851049968119385e-05,-7130.19863510975,-0.010708383449472527
8.42784744307879,9.877850963370424e-06,-4760.211280652975,-0.013146815891196359
4.256276580570452,1.6602096885299013e-05,-6659.4481890613515,-0.0014095213195675555
3.4195163502377826,6.963104910775248e-06,-4590.332498797903,-0.0012012740187754378
8.004918013126867,1.9547315676178175e-05,-3649.7272362055783,-0.0043646635409702985
8.454677914138113,1.180684312075459e-05,-3804.3548335707683,-0.008874527738316217
9.924041136005386,8.54075695019696e-06,-6629.024016818908,-0.034572096861982614
5.300941415291412,6.1024512099501905e-06,-8498.258184711225,-0.009453474200113344
4.976144686342265,7.5463685763131115e-06,-6125.235953840132,-0.004557961291603142
8.211303685935974,1.2796609228340265e-05,-8716.652703262822,-0.01718691788531582
4.726428322024143,1.0055047646469296e-05,-1989.1266833457248,-0.0009518847364180774
9.446058604828519,1.7433250488239143e-05,-6887.1028533592835,-0.015174588746919208
8.867302014744094,1.146331285492709e-05,-8609.862274990086,-0.023865326760948862
5.431952219000147,8.73071408881445e-06,-9770.970160848243,-0.008174525790804948
8.006968542331979,1.4257174799060452e-05,-4187.598523421641,-0.006871360829112097
8.036342992677458,1.5601658253281688e-05,-4267.879142907311,-0.006470287359230782
2.824990950687461,7.505628618514249e-06,-6934.562500768375,-0.0009492705388156318
9.220423253436532,7.5142882443247655e-06,-9354.59300037114,-0.04447300167905907
6.042018979582857,5.5500714040031455e-06,-6313.339945942912,-0.01143440798880241
8.611659728861934,1.604603022598461e-05,-7199.042544429458,-0.013057936200134951
4.560396808244894,1.4957067914327078e-05,-3905.914242384916,-0.0011287323221336242
9.164185827969604,1.211946313624721e-05,-4547.986754925787,-0.013162072986336372
5.113613429873305,1.766255673453796e-05,-6718.6564462221395,-0.0023180316978790886
2.086701211842387,1.7085052294250798e-05,-8038.967011705089,-0.00019483705799834872
9.24305581135411,1.3780315465951285e-05,-1107.676304599674,-0.0028927257139473505
2.7302934142890685,1.8024069207698883e-05,-5913.985409234966,-0.0003043422109701633
4.554509100723319,8.087618150551524e-06,-3805.5318779778663,-0.0020259385714365146
9.60049573640644,6.678794290965919e-06,-8735.023291794752,-0.05274166084278246
9.604857175500449,9.046244172754845e-06,-5629.69270306542,-0.025130199816226727
6.587503104986289,5.8563028413397235e-06,-9752.16952117481,-0.021694369768249778
7.054697697358394,1.296754292001548e-05,-5450.903938805951,-0.006725938377557509
5.587564175826558,1.9049085384424425e-05,-1323.843335940679,-0.0005525058263939834
4.345686173584516,5.590153110027645e-06,-6542.139583127798,-0.004377014729385306
4.629316362959328,6.831648710150402e-06,-9649.035886825795,-0.006385807207465781
7.380147648616307,1.178298542425153e-05,-9721.397881725909,-0.015113858566141941
8.01899623550144,1.9008125262918576e-05,-6508.119160478174,-0.008046056240228775
8.332632349806788,9.742341574651258e-06,-8559.775571831253,-0.023166077848958338
8.316945142356431,1.2608522130325888e-05,-9789.831133046328,-0.020356792540993443
2.729648824389523,5.623592885755882e-06,-3194.077474448409,-0.0005264519400325651
5.955362437620652,7.225148014431333e-06,-5873.292920062984,-0.0078246753772008
2.4604700801331543,1.9799451844382705e-05,-7396.797052246109,-0.00025360138753233397
6.396231058589884,1.9476780446540684e-05,-1899.2513528516738,-0.0011629057870749771
5.532244010987016,5.074099714016144e-06,-8954.74935819527,-0.013617746434080466
9.101633462066399,1.9277176781348588e-05,-1396.7305394021278,-0.0024896256432422876
4.8073201004166295,1.4586799067232506e-05,-7174.2995436038245,-0.0024902070158658862
2.936536131420847,1.8018774417800333e-05,-2004.3669492218687,-0.00012837038844817325
3.143933456422687,1.1821097834507887e-05,-4573.514111684846,-0.0005479224208588055
8.092085053739778,1.2733940428688755e-05,-2559.6337623266127,-0.004854037834790647
6.9457445065300885,1.2332698703853804e-05,-1143.8815311058206,-0.0014164007991656449
2.808981408982322,1.5002963863191568e-05,-7404.351059631288,-0.0004984979277798176
2.6728544489199795,7.094768821344694e-06,-1349.7806313316632,-0.0001655608688030935
7.60775305167296,5.44960384809017e-06,-6494.662945878217,-0.023914853760827734
2.582104050913548,9.618949123867865e-06,-6530.3928573676985,-0.0005326472905211174
8.57488047432285,1.5570211441049702e-05,-6936.516061709449,-0.01280082426981322
7.64993781725197,8.027801781844227e-06,-5127.331533871733,-0.013030926602291982
2.650790245135198,1.5101486499873762e-05,-8612.694611393616,-0.00048411915328233694
2.6787017126815353,1.954868069160906e-05,-5016.596631777899,-0.00022478722175998876
9.893116628009404,6.408510736841276e-06,-5124.656688309964,-0.0352869296155553
4.994166366048963,1.5089031773376896e-05,-3142.88368655617,-0.001182395522643073
4.965137176535127,1.1656253289568567e-05,-2497.15034256173,-0.0011950505975271274
8.50239653806002,1.8022133815662582e-05,-6036.027847188184,-0.009381578496542467
9.577988619070869,7.65724684171079e-06,-7279.000755836556,-0.038065267963465564
9.888008510582967,1.538938928339247e-05,-7665.98592414615,-0.021947241925385358
8.027025482071533,1.7571729344721656e-05,-8248.385469656152,-0.011064331839165411
5.010076684247326,1.9169213292110352e-05,-9481.171760208776,-0.002834638416300421
2.66800573358935,1.5248720424344689e-05,-6917.96819048758,-0.00039265601866900164
8.217175327419493,1.2457621460126411e-05,-7567.770770822951,-0.015360569700600306
6.46723399788644,1.426770860301821e-05,-1302.243527202334,-0.0011251243544991574
5.39377607397581,1.8033574767180775e-05,-4980.620563749605,-0.0019750913833975594
9.250835080757888,1.3559146199582446e-05,-6874.506648725432,-0.018291900616025748
2.8895798584492107,5.455805895452553e-06,-4775.791591056736,-0.000962492567214189
5.941000834326873,1.896423043260467e-05,-8747.229687888741,-0.0044077907705962
2.0908291581393526,1.534290126547342e-05,-6003.606257180174,-0.00016299233434173492
5.74928513595301,1.51477007866587e-05,-4363.891107210426,-0.002495028757019405
2.450426205454699,8.235127285965759e-06,-5599.919513867938,-0.0004559772531077429
2.9505433301445754,1.488328205348986e-05,-6383.990794111081,-0.0005021186526175884
2.940209974216839,1.0907966084812377e-05,-1055.3644999027165,-0.00011207288876319534
7.1936824169285085,1.4768494655622383e-05,-2077.167140659657,-0.0023861394477103777
7.968359034123386,6.5988954546198615e-06,-4389.3463765650395,-0.015337059847474467
6.666950120777277,1.4867679569045542e-05,-4875.603749359455,-0.004428673382224748
9.697380387796336,1.999120588656e-05,-4414.055681578743,-0.009176328117776026
4.9989646361896325,5.723180582908341e-06,-8188.191029598101,-0.008145120889958446
4.285696690254886,1.9657612763319762e-05,-6443.760310621133,-0.0011759252645739964
8.948793025515682,1.110361941084306e-05,-9644.864203981906,-0.02836819899528014
3.788766708155621,1.806130175505889e-05,-5720.08566261856,-0.0007849715237845129
9.70578031552489,1.6735782260874104e-05,-5112.778744381031,-0.012729436464794899
2.0972357975185307,1.350524391480002e-05,-7950.252375071113,-0.00024747258419000544
9.759030613661112,1.60767381387699e-05,-1323.740375510377,-0.0034876407469488866
2.345279295604609,1.817773341952022e-05,-1814.9085015648216,-5.869559885190966e-05
9.129144909584568,1.1062104824765496e-05,-3500.710880896847,-0.01097275296099044
6.221608872690399,9.905497423448583e-06,-5199.520341111736,-0.005761053819722454
9.943718368954404,1.5013900783453772e-05,-2170.2775631708355,-0.006477016595729783
2.590372517883191,1.711768912911888e-05,-8824.128905588834,-0.0004083383830408153
6.430834275210566,1.6434277021649237e-05,-2885.411851526035,-0.0021279723750017056
9.754420284952792,1.696720473287952e-05,-8876.612674298365,-0.02212830689592765
6.1847827533611905,1.1533749722193996e-05,-2852.104037055351,-0.0026660912658927048
7.0351891050821,1.7267513242625326e-05,-7518.091885737787,-0.0069089489395781556
7.565989511876937,6.803135830559127e-06,-2106.1847708362993,-0.006110705519664252
5.636328518142186,1.3167336469412744e-05,-1503.6211555714199,-0.0009318289814640032
7.0204646406725075,5.086379907471824e-06,-8660.836275353959,-0.026850688547613306
6.674514495384802,9.868787448504055e-06,-5835.919554411458,-0.008013299360631942
9.209264083927913,1.0496923023070969e-05,-1171.1135965358335,-0.003971171251477716
2.363571042731663,1.0942590374138832e-05,-5649.333076241681,-0.00031066322389768796
4.247705516737843,1.5432008100347935e-05,-2228.0722973690936,-0.0005042859427944529
9.60329187261247,1.0828371519055187e-05,-4701.416300818121,-0.01752398088954663
9.12211027112733,1.1730404339337961e-05,-6622.030828723584,-0.019528594780308307
5.6452540222857035,8.563161963114913e-06,-7427.948000267168,-0.00711200392054524
6.961060782412294,1.0598776874440103e-05,-8170.992180225215,-0.011850922213403697
4.219049463849061,8.409044408947274e-06,-3143.816277600725,-0.0012795615686885212
3.5049692777900905,6.0979388565266555e-06,-6521.13543859275,-0.0020984548328532656
5.709587239519857,1.405172890072067e-05,-5398.52084019324,-0.003258862100537666
4.8268178242084225,1.5023191978325247e-05,-5569.070679989362,-0.0018998095237740418
6.669248894806977,1.4292355190144218e-05,-4804.488736901819,-0.004544446340343431
2.6218770957198787,1.1952410657008587e-05,-2209.80568937903,-0.00015185964998961105
9.795158461329333,1.0696786702688447e-05,-1173.3459077491352,-0.004698010141789356
9.889685955836823,1.795000474357738e-05,-6331.742122835647,-0.01554937645679817
7.585293712157961,1.2786226777043273e-05,-2552.3297010432725,-0.003970255000804715
6.288770930752963,1.2187728164445967e-05,-3119.249848107541,-0.002900891965264728
4.476220930290622,5.3846309870965354e-06,-4838.23943689984,-0.003672592780396679
8.51036015765559,1.0118717414392347e-05,-1395.5757074926023,-0.003874169138986923
7.477849380431034,1.0702934281787856e-05,-8195.729360244375,-0.014592231606806156
3.3009355147591304,1.0982341713453509e-05,-9016.622107213407,-0.001345757661781885
9.28741747595074,1.3702585538409987e-05,-2314.342297401201,-0.006166188524143703
8.580297943385352,1.3004038200903178e-05,-6047.651650296266,-0.013388208310097193
9.598399306335391,1.4118576391901672e-05,-2377.280312136456,-0.006785670224195056
7.80575606710688,1.6473248923131927e-05,-1962.1881532412654,-0.0025817437748046953
6.907321567486319,1.7194786080741405e-05,-9437.881657428357,-0.008243537144499904
5.345944290324951,1.577184614339742e-05,-2048.8171331254534,-0.0009044837648199797
9.461827866832106,1.9332855439324022e-05,-5965.128501675201,-0.011911206484193282
8.928511116003268,5.273488740145425e-06,-5406.10759896191,-0.033252983554236164
2.3617493608495153,7.936669785253193e-06,-4360.667400161108,-0.0003298548663433015
2.210935795978016,5.113443124672132e-06,-1662.556539429219,-0.00016013940535450314
5.011706935024397,1.4712120712319048e-05,-9827.955150132124,-0.003832231287725687
8.484426646254663,1.8470458234249805e-05,-5708.408785139646,-0.008602243224815261
9.898209034519557,8.65223444864449e-06,-3810.501618124954,-0.0194639311325733
3.2033351288282255,1.89055181719446e-05,-3495.6373807159434,-0.0002769821251418856
6.753045722817081,5.904010854343413e-06,-3767.208116166028,-0.00895526332893933
5.047126853048172,1.9016540402082718e-05,-8790.083835326903,-0.0027083263302825357
9.759315182516826,1.0274340308594516e-05,-7305.439704654869,-0.030120159727463017
8.73695138508567,6.521312426738248e-06,-6771.560271246879,-0.03156024188196005
8.706629637689103,1.2288076387794886e-05,-2760.0651308844554,-0.006756043931099468
5.749545278359762,8.85164851580762e-06,-7491.161148269022,-0.007330478069067056
5.318556018701321,9.273093529428843e-06,-8103.655325195172,-0.005991621336225273
4.18725657544565,9.6093494738943e-06,-1382.9678286571343,-0.0004815192272113454
2.451003973207417,1.7045388467489954e-05,-9920.23043397878,-0.0003905293936792712
8.917779010040427,1.3087419150128819e-05,-1019.6122988621955,-0.002518013161915218
8.503208073040621,9.669615487340055e-06,-3908.608310283439,-0.011325781785728127
9.997741386289045,1.4155006749663778e-05,-2543.776304957946,-0.008184296542768015
9.973094696591243,1.5742260113347907e-05,-7348.425432884262,-0.021102011732328115
6.44345364482102,9.089360011003007e-06,-9871.162500996461,-0.013240303670579824
8.151899321444084,1.1203236522880274e-05,-3359.1743329462297,-0.007402395493012781
9.558125839059425,6.828291400054214e-06,-2492.698626993918,-0.014527229055864885
8.79717912541929,7.717240243020206e-06,-3335.7148124183277,-0.013411088317338143
3.9787848139455813,1.5216767809474743e-05,-8714.347414292453,-0.0016438819824201487
5.604353082480748,7.721575215434405e-06,-3219.148699687278,-0.003344401597906276
3.03327532121196,1.2877450755005904e-05,-3079.6949610312313,-0.0003041726238416177
9.632408218069779,1.5635693925836492e-05,-4073.1353589695063,-0.01061018961968727
6.84939707560704,6.6031538464211586e-06,-3104.9566048397237,-0.006886015170730414
3.8291424440277018,1.3509683294433556e-05,-2386.7070429004107,-0.0004520280009946485
7.373605475246854,8.848441755520457e-06,-4477.562971862874,-0.009245308792433021
6.945025923663167,1.94439031285637e-05,-9202.557574272889,-0.007225260874859009
4.865301744262724,1.2253184700798871e-05,-5611.349712995102,-0.0024035575259718075
2.908460737597032,1.7089888246627372e-05,-9301.155987955555,-0.0006102308308364021
7.372585564742397,1.325339813234393e-05,-6332.112720708123,-0.008725446942745305
6.162461607230346,5.651187992822288e-06,-6336.041597869351,-0.011957703185528603
8.178547133885115,1.4497270633910336e-05,-9405.911402737825,-0.01617521061889704
6.161308008895947,1.9271050133099856e-05,-6860.615194274686,-0.003794750825895923
8.817452002548322,1.402417730219497e-05,-9001.017110878167,-0.020051659940014063
6.415254710195884,1.7287832891401856e-05,-2725.883109917,-0.001897209146489794
6.48750377228309,1.8263096950226118e-05,-1470.8077663197637,-0.0010021233563732648
9.013228821266761,8.421196579233988e-06,-9349.151722678553,-0.03704643458068508
5.227862929699176,8.1806725986234e-06,-1403.9631343746878,-0.0011174962980491656
3.072121827605126,1.4164714832764879e-05,-5296.810605969294,-0.0004941157931421963
2.230261410506712,1.1165427047100572e-05,-7303.908898415135,-0.0003307151905757396
8.041098045388953,1.7597919543000806e-05,-9308.241322514528,-0.012533120153497846
6.962476410827717,1.850034685097017e-05,-5494.38158736624,-0.004568114510128561
7.6326381447937885,1.0301320689540773e-05,-2849.360099583262,-0.005605124657459543
3.703713292071286,8.553058384617232e-06,-3636.2217045997168,-0.0009843460955885096
3.090971804694158,1.670788272865793e-05,-9547.965896824237,-0.0007690974929927823
2.1163573253430554,9.122090533222043e-06,-9343.883481688868,-0.0004424934511481459
4.804700470452776,1.7339214777705177e-05,-6374.140456306266,-0.0018582236485395669
6.719341494837065,1.1356073804731445e-05,-7342.385553568511,-0.008939144234299447
5.1379523607978586,1.5013248489372057e-05,-7908.5410924955695,-0.0032561075892089063
5.4997993761898325,6.4330297075200235e-06,-7470.959509821578,-0.008804570844805737
9.233269555949988,1.4357889870148598e-05,-2768.6553103280385,-0.006917539389898593
4.786043736186403,1.1776515181058438e-05,-1636.9475173133142,-0.0006944720515966163
6.111915913278486,1.3799126947632112e-05,-6354.075749251902,-0.004791149407757769
8.269224101929144,7.5202131161729524e-06,-1845.0009808075265,-0.006322190280203126
5.172342258570161,1.6053106174162734e-05,-7106.538688769062,-0.0027916928573143
6.976693601822988,1.794195616314843e-05,-5712.067122905875,-0.004926962834150086
8.89890966997396,8.251097001361636e-06,-7965.739019656003,-0.031004990336918208
9.596164989261137,6.4357183328024266e-06,-4235.715620417404,-0.02650511600402789
3.1765878474323035,5.354578790695046e-06,-1189.1699634267206,-0.00032442032292714186
9.412701001291955,1.4629572506648993e-05,-4568.562135609593,-0.01186854592542788
5.9369303446363055,1.4106410541331714e-05,-6779.67324297806,-0.004583370116834771
4.065955106391667,1.320046119071105e-05,-4169.642986085245,-0.0009676188683680143
5.6730860499060904,8.479206441739632e-06,-8893.713893811511,-0.008727560793248032
9.840260602283816,1.0863589938582722e-05,-2002.0682776114127,-0.008002619073447462
5.940944751942957,1.3917145027792597e-05,-5472.244442981472,-0.0037574109894596315
4.630012882300066,1.2451502882887543e-05,-5955.852321643221,-0.0021635930098252466
7.067206834533806,1.9816782803223313e-05,-4727.216903918327,-0.0038372722287516575
3.9211649502255446,7.046596288350998e-06,-4376.945234895378,-0.0017066477096421158
2.6069066248693114,1.5427168310713907e-05,-9354.017743961384,-0.0004895479352493633
3.031037775285194,1.1064781521564384e-05,-3856.445008989378,-0.00044230838345771077
3.0243667116621795,1.1422994223884222e-05,-7822.614877160234,-0.0008633405994213711
3.215221548098355,1.5763966484872644e-05,-3574.4263074406917,-0.00034346333348391915
3.110617381195281,1.5386542269865548e-05,-2597.186850542229,-0.00023153079797170813
7.126997958425717,1.9868839905532826e-05,-2764.373432027317,-0.002295360625188978
3.4550406751931586,6.92591434181188e-06,-5027.491293328998,-0.0013643962879569423
4.765338266590906,6.561644740762496e-06,-5318.470969203239,-0.003997257326851566
9.174307279248094,1.586508225693112e-05,-8714.116347945295,-0.019328924804742114
5.791693122102979,1.3675803755096137e-05,-3021.88464637178,-0.001956358642641466
7.340461908168217,9.11240999839709e-06,-7557.315575979571,-0.014948970956265515
3.3785589696130387,6.191290534834799e-06,-5529.741194638481,-0.0015697299924264726
3.538312150469366,6.284873743946458e-06,-7441.53316365235,-0.002390347929023495
2.326948930131831,1.8412863119961776e-05,-8795.544733002762,-0.00027428925632212687
3.3514805045773164,7.878009870781145e-06,-4333.980727974371,-0.00094381607923237
4.228722712255669,9.850573431732811e-06,-9511.011686593865,-0.0033273589300845227
3.4160838742139745,8.39984603340482e-06,-3262.1928928642,-0.0007055547364836213
2.709620270056445,1.032494458747906e-05,-7141.718842649951,-0.0006271149310439751
2.9650869688048065,6.041357641191401e-06,-9998.787762959631,-0.00196621921790803
5.686230144261806,1.2785896863624057e-05,-5399.837746864931,-0.0035385850457524868
3.65066974724634,6.0141884538832244e-06,-9578.332823251572,-0.0035313222924973037
4.914158888384604,1.7005347617335427e-05,-7514.473979611905,-0.0023898325838830232
6.027338166838855,8.505681228656497e-06,-3637.2116128985544,-0.004267199685229113
7.523158629034922,1.3100178719067662e-05,-9435.793405403207,-0.013976830065129802
2.3144971187287915,1.8201186313421875e-05,-2445.9535687959788,-7.593207553657689e-05
8.395283191272341,1.4763160535707914e-05,-9965.620696072752,-0.0182027869750164
7.023203115927262,1.2994366798270032e-05,-7778.58517718288,-0.009450569939050094
2.6540722555909753,9.865006296730635e-06,-3331.863494631357,-0.00028776295466477
8.988628992854217,9.99502869587297e-06,-7153.568652436239,-0.023687863624429543
9.366979204254505,1.5042304327972852e-05,-9082.968507405878,-0.022616163232302967
2.48862367883891,1.9912090418317515e-05,-6757.894730796149,-0.0002383850842768559
4.21502118517763,1.4927587847740681e-05,-7566.46042253927,-0.0017298531581350287
8.44961023834449,1.3366751260550375e-05,-2415.5928805550056,-0.004968379120222657
7.986077523069267,1.5959757653588693e-05,-7179.868741733711,-0.010442334522692257
3.4761681548510186,1.1978084184255774e-05,-2899.607754015935,-0.00046340535251781454
3.6747945866936824,5.902135139011779e-06,-1973.1506967033874,-0.0007560615184532407
4.963776822331056,1.343445223816865e-05,-6095.643223811234,-0.0025289668762401305
5.876183881528171,1.9364379267580706e-05,-1810.5117053104723,-0.0008645511919925837
6.946038172242368,7.629544135364895e-06,-6604.137514331264,-0.013220133458115365
4.951309116558179,1.5350073362309988e-05,-1323.2942515890263,-0.0004768841816347652
5.700277729065183,8.014005329885848e-06,-9196.394279269844,-0.009686409554952154
7.979767505070052,1.303741526709622e-05,-3816.826601470815,-0.0067793564663276235
2.293465623124783,6.450146744700795e-06,-5555.673635887642,-0.0004735334462404809
4.019495554752166,1.1755564043872778e-05,-6511.1607508991765,-0.0016392169197668367
7.7067966870764195,1.6342449933428694e-05,-4305.593091262592,-0.005495969966425704
9.161654701497595,1.0213572863584733e-05,-3665.2861752910194,-0.012576470596870077
6.093419536925329,1.4973675867308274e-05,-9960.730573147219,-0.006858874108379266
6.256907882122525,1.693174941184594e-05,-8497.42220127521,-0.005602365930696768
2.8573760907182084,1.8907667292191793e-05,-3582.5855442911316,-0.0002014501806239204
5.579298934587637,8.519631227831804e-06,-4002.5312777961417,-0.0037184303882086584
6.260938131640185,1.0989738737139623e-05,-1305.5724538419054,-0.0013287359078290738
3.9397640290778373,7.286240199956262e-06,-3150.6598877429533,-0.0012050789377441552
4.153945847595048,1.988725253237563e-05,-1443.045630417957,-0.0002370252382094581
5.018273304836981,1.8905014518864432e-05,-3677.1354861867376,-0.0011202175479097176
2.160569582221811,1.3099356954208394e-05,-7317.530122245012,-0.00025675927403984
4.576633324665426,1.7630499415646322e-05,-9051.715699742292,-0.0022429080537510675
3.691584055972357,1.2814369659080635e-05,-2963.5852298955797,-0.0005302312045181404
4.619978817423317,1.4353785320041398e-05,-4202.657006716757,-0.001315783021195325
2.9580970545540097,6.33686648174025e-06,-9566.325888460335,-0.0017807981519308187
9.12421824591916,1.6329056307452122e-05,-6759.545806891195,-0.014330133870063539
6.748739628432389,6.915702254528523e-06,-1388.801660641424,-0.0028130586277421896
7.432818553155917,1.739101445378793e-05,-5496.389688608189,-0.005914526988139471
8.313369908858707,1.673042131505579e-05,-6105.437775822658,-0.009555382390081905
5.987537591432458,1.563117046614465e-05,-5880.7035535663545,-0.003680352113684533
2.6953623046993895,5.542405707871432e-06,-8120.055483953526,-0.0013074315441676133
6.296852334548382,9.54692533917993e-06,-6681.635462216844,-0.007963364642030357
6.694728944167033,8.946688548662645e-06,-6671.680696115411,-0.010197148697421528
7.96351579347464,1.0402046112072788e-05,-9528.804818312748,-0.02108341794354465
5.453276369837435,6.3146412014575786e-06,-3091.891343338735,-0.0036187192698490826
3.02064242236451,1.9054367345465943e-05,-6251.460112865089,-0.00041208965041547737
4.270207246389796,1.3307033610685646e-05,-2600.3810186521905,-0.0006934408426027667
4.904658371189081,9.582864659870354e-06,-2346.867989920942,-0.0013168200136032349
7.16733793065281,1.0954722756114252e-05,-8092.053507712078,-0.012394751480473849
6.566226437351295,1.1708038107572536e-05,-4083.8186604688426,-0.004500250743781164
4.84877380718277,1.4008915000409261e-05,-5749.463762533164,-0.0021321877314631208
9.892121990343838,1.2735191415447467e-05,-2078.589358706634,-0.007200098492823688
6.846198554855097,1.8790879598216263e-05,-8058.333887411913,-0.0062712403221355
3.897814333887956,1.2454452243587454e-05,-3899.681197209602,-0.0008450350876919234
2.81425978096323,1.9882370222349692e-05,-4530.230899725497,-0.0002314470013454846
3.222873113474656,1.777137436617644e-05,-7342.286701853505,-0.0006302992200153361
3.967661827076065,8.127657715360038e-06,-8770.591867139447,-0.0030716679623472042
3.2854509860764454,1.8958928219658746e-05,-4135.242155704511,-0.0003525161076854571
3.492536192410446,6.745495968282142e-06,-3352.622876809024,-0.0009649401723785962
4.280761349550777,1.7261745627367876e-05,-7159.353906129851,-0.001482719480545554
3.3869887623580386,1.0709349402148702e-05,-4196.506563799176,-0.0006938616908988728
9.174123397011401,1.8169614806676043e-05,-6443.821831496471,-0.01247953374675849
2.6418699652931377,1.8020850351611757e-05,-3581.1380504564404,-0.00016698863694100048
6.196091116562037,1.708888100176432e-05,-8207.062525953523,-0.005206361596649833
5.283174615917292,1.6850456544605922e-05,-1988.0649762744306,-0.0007928857660501417
9.859028935268851,9.570187086470612e-06,-7413.313631809782,-0.03382993740217941
2.8963112173444188,6.213789245768783e-06,-6689.926110194624,-0.0011920852245000649
5.182844792365933,1.1044702681477422e-05,-9477.172431276853,-0.0054442265329598255
9.75576346620295,7.6028677247976305e-06,-8996.390089108512,-0.050070445356709056
8.924057007151841,1.5424266333536927e-05,-5357.242875589047,-0.011249433489222435
8.536576567594238,1.0191495898066784e-05,-7591.665909448257,-0.02111821456022829
4.063222616359519,1.9634153012898727e-05,-2480.6779683202503,-0.0003862574723305779
3.3671006991205266,1.4614581160179984e-05,-9867.759502105415,-0.001174646859694889
7.349145759395448,1.7337208454515415e-05,-6588.153561952575,-0.00687388005983284
9.435007913020687,6.987870091127727e-06,-6963.890079078166,-0.038145271941291685
6.454103144111438,1.7930217234089342e-05,-9826.05132174159,-0.00671441230684413
6.572901515759199,1.884135785770092e-05,-8880.684408995408,-0.006099755655142269
4.239832749282273,1.230592878228404e-05,-6277.215925732283,-0.0017717631720317447
8.155943465535495,1.4093794066264662e-05,-5564.21873997298,-0.009761256333730902
3.496349988460187,1.6472147013544934e-05,-6361.392274706178,-0.0007522349200036775
4.589433891233949,7.622579408906188e-06,-5221.560894291156,-0.003017745210768614
5.403491508931334,1.2538491146951638e-05,-4643.814925848867,-0.0026629307324237193
6.06088302947564,1.0979945416584698e-05,-9910.685609849479,-0.009158367156103332
3.939277859320642,7.195609882433738e-06,-5823.143564918465,-0.002254480885384721
2.9186945979136283,1.0513016334372972e-05,-1328.5068320117043,-0.00014318886287632653
6.884960339533061,6.022584640782404e-06,-5328.709478834062,-0.013159830144975456
4.309044425922046,5.387178604242305e-06,-3902.1195928694215,-0.0026411249061094703
6.649905771380898,7.027494337322342e-06,-7193.225278748051,-0.013717546975528804
3.2349017221936185,1.944672667383761e-05,-3034.0775966251376,-0.00024069677492569982
5.84912081483854,1.3242943038425256e-05,-3043.7066631149646,-0.0020960270545581023
6.260715460412687,1.9487332417298303e-05,-5308.33557111275,-0.0030463843731444594
2.4145882945794153,1.148746817495198e-05,-1215.8755904870777,-6.7904868995159e-05
4.692834225551365,9.677241996278894e-06,-8870.04806713612,-0.004317047579858801
3.075317415511794,1.2592127942603663e-05,-9847.471015993771,-0.0010365786290063453
2.506999763782142,1.1592675329493653e-05,-3068.5760941861363,-0.00019007409344790134
9.919681859119562,6.584970263926159e-06,-2735.600163716057,-0.018479867741846675
4.578830759797784,1.4612394720353095e-05,-8918.134937914814,-0.002670073665553594
8.478995566837078,8.240572737643996e-06,-7609.7545033725455,-0.025653894126655447
4.037125238110111,1.4293819323467446e-05,-9842.02872970034,-0.0020647136593726933
7.452021777791434,1.4753016385972304e-05,-7360.222502974918,-0.00940890945568245
8.081822879117492,7.280372796929723e-06,-3041.7231347319566,-0.010050805568522588
6.765109924862754,5.920244406660023e-06,-5338.355250586789,-0.012723284335368585
5.772609508401267,1.67114237910266e-05,-6867.1396614854075,-0.0036023490597105914
5.294727313178148,1.1897006356539804e-05,-6654.346345843027,-0.0037836009557615778
4.790946132343962,5.872456932582137e-06,-9987.817368560787,-0.008523568189140537
9.436233153982606,1.992299475754651e-05,-7301.795251912878,-0.01403388274551644
8.644955262301833,5.8667084149455e-06,-4181.871325258626,-0.020988008756901846
9.7202152853321,1.54255284328783e-05,-1232.250005652786,-0.003343437846176498
2.994377787884358,1.9755183878951206e-05,-2376.452557144905,-0.00014718876934324783
7.846939801629154,8.587701563238885e-06,-9787.645318190238,-0.02509626355494589
9.506723654568303,7.133740530307943e-06,-1912.954557926446,-0.010499939055280516
3.449864529325281,6.820774091336434e-06,-2951.214280312366,-0.0008096177600516941
2.53197013893422,9.549127213513933e-06,-2976.6148878611766,-0.00023059056492394898
7.928965194320472,6.5156871651597005e-06,-5878.038168967857,-0.02049408513178865
6.595784905439295,1.538242012541198e-05,-6417.952363409475,-0.005456046943698837
8.734630214066176,5.934376971950941e-06,-7273.758440501266,-0.037224094194930786
3.118179013010316,1.2641331922246846e-05,-9408.746269410709,-0.0010283687693032218
8.362138494879122,1.9950452807794654e-05,-7945.8817285567075,-0.010613246031897684
3.6130185603819562,1.7209554042590283e-05,-7780.567285197778,-0.000971760066946617
3.309247542925636,1.4228291573465164e-05,-5643.3063726081855,-0.0006550515245040163
3.3141263834479435,9.593804311799176e-06,-3273.0003406297546,-0.0005659384713797566
8.516597761851056,1.435843754437458e-05,-5735.71154441848,-0.011245670411199855
7.321577765569601,1.2905621958674774e-05,-9479.399954975555,-0.013137803779425097
6.184523398152955,1.1391250758355574e-05,-1379.8917911061653,-0.0013058676220316914
4.87064387298802,6.960655651102993e-06,-1515.4811281529892,-0.001146479613872973
9.017604326504866,1.8299063228607004e-05,-2933.294111664324,-0.00535682061583496
5.139560859381083,1.174676973231984e-05,-1078.048885922015,-0.0005678123876956122
8.532795515772616,7.919337677311477e-06,-5099.659004797633,-0.01823194972294121
5.513079268561747,1.0516390263159346e-05,-1335.0848477211457,-0.0009694640469765602
5.015555435399261,1.1211946287933906e-05,-9319.554634449243,-0.004779451722314308
5.7014382853568515,1.7413068433503118e-05,-6708.873265647659,-0.0032541261774622784
4.411022993313137,1.6004215708421033e-05,-7971.568587939108,-0.0019482028758186032
7.980875041410009,1.65395734046201e-05,-8237.50224279157,-0.011537975151388756
6.021763120739833,5.1654689664297085e-06,-8732.773459965916,-0.016823651542098143
3.8577015611745384,1.1242309972696425e-05,-4398.27722590603,-0.0010235751859303552
9.196596586196549,1.2220162274529856e-05,-2968.1032982742545,-0.00860974466142245
5.071129770985691,5.287884152345851e-06,-4795.3144052167545,-0.005389595259695974
6.348422888911909,8.897198131175515e-06,-8677.335613706113,-0.011372017092422509
9.251776887716375,1.6404347346832026e-05,-2699.8860705987618,-0.005939758106286853
6.993903967311937,7.056645585934986e-06,-4276.407635526443,-0.00944814628874991
2.9351843256669126,1.3029651971788877e-05,-6506.50864485704,-0.0005754772485112303
9.5186569889078,8.228028080258564e-06,-3932.827340175433,-0.018786374280772927
7.021664424571343,5.1818116196583996e-06,-7660.855186814504,-0.0233250544876904
4.679244917256689,8.618021863993124e-06,-6893.270123552105,-0.003734666808498989
3.114176581307098,1.963810632365081e-05,-1742.6274118120873,-0.0001221353726912332
8.352201514162367,1.7023056678244847e-05,-7385.459448957216,-0.01151992599690662
6.960582047428108,1.9393649664815504e-05,-5770.105586578571,-0.0045726473561654175
6.267688735810572,1.2317810658895437e-05,-1988.7297634358683,-0.0018116376394832592
9.151140664407661,6.646042980162553e-06,-3630.507847592253,-0.019078171644156077
8.308777689796246,1.3219392334605396e-05,-9440.170964517674,-0.018667519306409416
3.2133990378620094,1.1815660018399416e-05,-8674.272601489267,-0.0011101352230760706
4.493776542364386,1.7665356241094242e-05,-9929.425683052748,-0.0023245718417724335
3.987913118515726,6.471238711763669e-06,-4321.7038879375295,-0.0019302407283932571
7.951570340581416,1.2323617055326674e-05,-5970.939171306235,-0.011101201660525984
2.268259477886235,7.250729970409765e-06,-8791.52634187952,-0.0006448631750072152
6.559117478970532,9.8701389033509e-06,-1378.5929104890656,-0.0017962047027250264
8.099669485925524,1.6060356160816997e-05,-5233.062484489421,-0.007890589768230873
9.014125094093995,1.21402719405315e-05,-7822.960352983997,-0.02150900302980345
4.73665398972726,1.0638324277186541e-05,-5494.567859607632,-0.0025013941167648765
8.570058437376103,1.0917144178550532e-05,-3883.41700538403,-0.010203828634153993
2.885053895641658,1.1891701526089801e-05,-9313.84703823792,-0.0008571438574809245
8.771618333876145,1.6775248157555856e-05,-7527.665664568973,-0.01380185221173933
3.0199092986558593,1.8381270334103517e-05,-2737.310582044058,-0.0001869119534615113
5.178298324482938,1.9330020297558928e-05,-5863.016166376049,-0.0019193616195627371
8.378362926236429,1.6803550793829428e-05,-5080.805721709346,-0.008104306481479284
3.1993394187901902,9.731103436220193e-06,-6104.655980114777,-0.0009362393298221345
3.834011161861132,1.5322020591298133e-05,-9604.900516212954,-0.0016100663458006774
7.77802054714453,1.1564046860830879e-05,-8508.251981618596,-0.01577773230375888
7.760292292368595,8.820059330690768e-06,-5990.125251322982,-0.0144645677220398
7.129181063082378,1.7613073691388843e-05,-8117.330811328649,-0.00761033636086629
7.5515875557368,5.576395234434875e-06,-9550.188742062892,-0.0336108904242902
6.341795546780769,1.8526429882031355e-05,-2407.1530235335867,-0.0015102731334631257
4.014392471255622,1.1922161969371013e-05,-1169.2672375229577,-0.00028915125136625444
4.7655679480313555,1.4558022152124209e-05,-2861.7141340293447,-0.0009695600119721067
3.4527817344114053,1.4890308833086744e-05,-2315.935704657997,-0.0002917675535552537
9.267604490669026,1.842676611059805e-05,-7822.205827146592,-0.0153988899168384
6.667134358128964,1.4550045232508112e-05,-1354.3572203812018,-0.0012571680350093324
5.206811334109119,1.4209003771400929e-05,-8227.668659919145,-0.003725079219610338
5.6960464291530615,5.99978060841035e-06,-1437.1317067435102,-0.0020173840707807364
9.578266716894522,1.2776120329178063e-05,-1046.6263543064415,-0.0032806528416786445
3.2268112249286416,7.252535012255626e-06,-3594.4947482855614,-0.0007588842172392822
6.689838656134378,1.6061506530822285e-05,-1169.7064138736023,-0.0009936749646525449
6.047109431075728,1.268332881219012e-05,-4874.141983896067,-0.003872712277520511
6.891633883477183,1.5203416688125302e-05,-7664.123951415188,-0.007519599986556955
2.144881470566724,5.625093509035765e-06,-6067.037029009412,-0.00048502443201648554
8.976991271553212,6.271880240687049e-06,-4657.951581590926,-0.024484793511906914
9.4569462598689,1.5744850820940235e-05,-9342.265941756865,-0.022870373831824397
6.5210654687136715,6.081265039980101e-06,-4398.9106184447855,-0.009141421018603737
7.573206591015138,6.068850916478879e-06,-1169.399469139349,-0.0038141929600239346
9.379995049418365,5.181627128523312e-06,-8289.031151946452,-0.060166156055784285
7.657909074507189,1.9347520974492204e-05,-2866.6439534045503,-0.003032395685998615
3.2203123433140908,1.6062625391885105e-05,-1828.9108559834258,-0.00017329132449552282
6.610306881334505,1.0298771127530964e-05,-1506.685664618013,-0.0019257900544341895
6.853720371062847,9.44803371931483e-06,-1358.7795603509749,-0.0021100538518884844
5.393045370419088,1.0245548446187744e-05,-5306.863251506753,-0.003702642072364198
7.891553884997783,1.661980296771773e-05,-1204.228828076466,-0.0016228469066317626
9.474936118152119,1.4920559166056217e-05,-3184.2081357900506,-0.008272790844358283
9.40454810325421,7.77793351801202e-06,-8544.957073867343,-0.04164532728174866
5.606714971233057,7.611640030011266e-06,-5707.899041788271,-0.006023241842031437
2.905904366726042,6.475934745700961e-06,-3535.019421651964,-0.0006104359709927611
9.878729591698676,1.4904540795520075e-05,-7773.93715762825,-0.02291566913200452
8.711184691567473,1.6465589933326042e-05,-4234.463348060014,-0.0077474640895608335
2.9973014496261348,8.975696424875062e-06,-4000.595688580427,-0.0005469587855596503
9.366735060938979,5.314174415463693e-06,-8535.702305722907,-0.06015545128413021
8.959170896497026,6.23257501214641e-06,-4914.232187925193,-0.02584035316312932
6.150704457008577,1.9517900522675458e-05,-3055.357801192531,-0.001660008756417886
6.730203485959434,9.431671662161305e-06,-5509.939019176522,-0.00811613997922531
5.192021630961042,1.6538347217572006e-05,-9891.071949015033,-0.003814762978052177
2.4380931105762507,1.4369953532813957e-05,-9918.65377828637,-0.0004558847380986239
4.681577933167207,1.072909459479344e-05,-6786.73590426989,-0.0029578862717934947
8.422827588784092,8.085308932933327e-06,-1664.253384113963,-0.0056053584169022215
2.037056184036823,6.820796272391097e-06,-7941.90898356752,-0.0004485446430711221
4.6679933735291534,1.4225194520583001e-05,-4290.7268001548155,-0.0013982027953652
5.1853495487275465,1.661950670956682e-05,-8001.317163760115,-0.0030590339326723296
6.299164823503383,1.4658563803116963e-05,-7104.970093064063,-0.005521112206746674
9.358844931302084,1.2954531998737376e-05,-2367.621193586644,-0.006827537110009282
4.77076795492769,5.629268351474545e-06,-3440.247019570478,-0.003024192135394169
4.7756256151698215,1.952733166391576e-05,-9141.406504181105,-0.0023236342129762757
7.900009984877987,1.698071287481862e-05,-6141.681811122097,-0.008126829324753896
5.617743527118457,9.392330550514472e-06,-9737.47212719262,-0.00837655428446052
3.7968385835198557,1.9699554940382762e-05,-5671.988680572919,-0.0007182111909011274
5.619516129061547,1.4028223844544834e-05,-4038.093894690387,-0.0023279696622441086
3.126856163038399,1.37363398731087e-05,-8933.476387616636,-0.0009061080778414696
3.4110958920497865,1.6221097691442984e-05,-7400.035549817509,-0.0008251676162181591
5.986942181915838,1.7176546821352067e-05,-6419.470370480587,-0.0036549829680055097
5.351403596036383,1.4847179109972542e-05,-1724.2207780955523,-0.000811070992537397
9.3187672085448,6.921436195493002e-06,-1060.7048611933242,-0.005651718886730471
4.899151192933065,1.0074012589917477e-05,-9595.798309039457,-0.005104438474352094
6.644706802224348,1.892125460489075e-05,-3150.9286885414713,-0.002226501214818382
7.058114303356243,8.369234177657779e-06,-6654.483402378911,-0.012740941231407923
2.104755652706669,1.05825053575627e-05,-6467.87632393468,-0.000259707856576985
7.308298976133685,1.1481153244162942e-05,-3211.6152398767954,-0.004976153145061869
3.4242877349580114,1.1591074845416785e-05,-1734.1621106913226,-0.000273768551573761
9.68856253975564,1.4194093737417886e-05,-1441.642649477064,-0.004209541721685111
3.1893018220249036,1.9146137566170616e-05,-4805.896725655113,-0.0003710965751049681
5.31699298981619,8.610390677487576e-06,-6785.909566295475,-0.005398713713880611
2.682797344629151,6.8225206445137715e-06,-2912.058227270987,-0.0003756000347853697
9.974994014767578,7.962057347899061e-06,-7740.987550639298,-0.04397601006051636
6.017560082649941,1.8303873503139043e-05,-4923.33374049834,-0.0026710646559109483
6.76308013856035,1.4687162189828093e-05,-6772.793846276141,-0.006500853675532888
2.53661181910742,9.288601838587403e-06,-4090.3203366291154,-0.0003275486650802889
7.999683763193422,1.723920408452926e-05,-7836.409783958437,-0.010605354961623192
3.679244744764686,1.792054994545154e-05,-8275.663488386568,-0.001048176330888864
9.18443431552571,1.7697715080354173e-05,-1735.8482199210666,-0.0034630487989064456
3.6411171238560573,1.878389800459332e-05,-9083.766853454168,-0.001063876042873388
3.5255017653093326,8.783615302600424e-06,-5446.378830385615,-0.0012382381290110408
2.292397342784759,1.6325628931194176e-05,-8012.32495333292,-0.00026944190903580294
5.776535560879994,1.1908092459112102e-05,-9649.630330068992,-0.00711832243620694
6.518729066100931,1.7629978293350924e-05,-9675.830635377162,-0.0069283863589981315
2.525669115426819,1.59273601574242e-05,-8423.004051047554,-0.0003882928504288597
8.204220933560084,1.664671169749587e-05,-2199.066809445998,-0.003324519091131509
5.626310677984221,1.4842427565216076e-05,-7457.69130420676,-0.004078283553356464
6.19512215462064,7.661431542045605e-06,-1445.8674648223387,-0.0020449138045158604
5.526101975505825,1.3175403783454076e-05,-4765.399363097258,-0.0027816268999460345
5.206104487002608,1.9770046092867626e-05,-6070.4722920811055,-0.0019745142128961865
6.477122650465743,1.9060820997456787e-05,-4779.200487974908,-0.003105037387099409
3.2419219674457,5.6476060369551756e-06,-5349.7145329635905,-0.0014708917443660228
3.455425043962169,7.472222235941557e-06,-3171.013716184074,-0.0007979204477296322
8.894284968108138,6.975931601818429e-06,-7457.535406244329,-0.03427938756457772
9.568923697069062,1.5889698649779434e-05,-6822.546475597279,-0.017144583568363264
4.986474530238024,1.726677994785418e-05,-1953.1512772007436,-0.0006391637959055391
4.16595738514843,8.202670494660079e-06,-1481.89138164635,-0.00059526781242795
7.151996345912126,1.2587790394277436e-05,-1966.9759526217294,-0.0026051829297520776
5.269873368784771,1.7610545420168003e-05,-6224.968054384178,-0.0023576084706649993
2.203090845282759,1.599202317149376e-05,-2976.7104729380653,-9.070625297116085e-05
3.249220778929523,1.3133558082377726e-05,-5712.978400290111,-0.0006800246773239016
7.72777783077918,1.3855215356881595e-05,-5522.14133068508,-0.008382333677216703
7.271391535281211,1.2625408203744202e-05,-8157.879018484445,-0.011321168309957306
2.216767940027868,9.46322676978231e-06,-4679.827270673352,-0.00024550373085420853
3.7757772954635955,1.3475329892885242e-05,-8324.776920219869,-0.00151551114561341
3.848598372704571,1.5333279530751363e-05,-7015.917708395256,-0.0011886774757540895
7.375141948789827,1.809984373791212e-05,-2304.728185420584,-0.0023278921860760133
2.1576843020349132,1.4544370309688724e-05,-8136.3177171023035,-0.0002560964189963821
2.8328686558765908,1.6416823055647372e-05,-9359.575433439104,-0.0005906812339768104
8.399328682985516,7.401074524318596e-06,-9378.931666484654,-0.03422150837592485
3.428357296434669,1.1923362116296849e-05,-1532.9393154720292,-0.0002360974432092611
7.221968862814998,5.1399742974064e-06,-5437.716058343489,-0.018160560080181447
3.905462248373812,8.700182967824346e-06,-6315.291353646835,-0.001970557727061172
2.7955311420747613,1.5896925726695073e-05,-2702.0927709287344,-0.00016923373469364045
3.9453775279956327,1.9877149270240455e-05,-2477.5666488053557,-0.0003488540515844594
7.778135454845273,6.487671493808239e-06,-7010.280701959558,-0.023172873320675014
8.845571744850286,1.1022414737919325e-05,-3757.4374827358433,-0.01075225529928027
8.641758916535933,1.7001064530487394e-05,-3059.8946573330204,-0.005293508601236783
5.177468236947639,8.060534519433483e-06,-4108.143818206409,-0.003223598543236218
7.344681092565169,1.3326274239534294e-05,-8635.644326799105,-0.011700694899130318
3.6398743633265678,1.5996069440445124e-05,-2117.0522483464865,-0.00029086020132050464
4.345181842088106,1.4239781753902688e-05,-5148.149025375922,-0.0013516942592566126
9.170686548168959,7.820371019231242e-06,-7457.748162669966,-0.033519129341841675
2.1040153880858883,1.0330768530286093e-05,-6172.946331060755,-0.0002536374801485828
2.6840682468357446,1.675687676728096e-05,-9661.860186409833,-0.0005081069789132692
3.6630900411682186,1.3313397711980251e-05,-8849.198788998241,-0.001488896989419953
2.2122576309905577,5.078444203143691e-06,-3110.079245357252,-0.00030217233439331286
3.4514834807183785,1.641486140042141e-05,-9999.895287201705,-0.0011415171850311734
6.664332487757537,5.529670324103586e-06,-6250.90754365937,-0.015248271934981074
5.371396404739984,1.6186006740968485e-05,-5297.408370229704,-0.002311490821280774
9.141373688615799,8.037208402478562e-06,-9508.29021999125,-0.04118493758293914
8.539548493907528,1.9371102201790706e-05,-1242.296533249004,-0.0018200465363347675
4.734538813583008,1.0519111269531268e-05,-7964.8720187529525,-0.0036621794461704983
4.07538746745034,9.903974245071186e-06,-7262.211523273472,-0.002261897564880252
5.037539265338135,7.233320754986671e-06,-7264.517389704753,-0.005851014858463852
6.722359540118462,9.584063232353224e-06,-7926.250040943851,-0.011449595196195575
4.14450912658301,1.814976142742301e-05,-9986.735601223198,-0.0017851666161464161
6.993191262793072,1.994501506440871e-05,-3435.8968532080326,-0.002684966010322949
5.275293217529923,1.0524642957602726e-05,-1298.3905018064324,-0.0008253622374951966
6.416377446815842,1.172915946431814e-05,-7981.358650434595,-0.008191934499183947
5.4890122330825335,1.5831064073041057e-05,-4032.5752737691982,-0.0019198256799389784
4.355726076335341,1.829293670697612e-05,-3322.9330573715642,-0.0006841111434379559
9.587626455697254,1.3895665012801765e-05,-2364.171588185277,-0.006833446483637339
8.108846353278086,1.0872885472667442e-05,-6196.337226877518,-0.013847592371112808
3.1209054061316204,1.1189327612729358e-05,-7273.621849236137,-0.0009005241616277661
8.947743807183302,1.5434272197452103e-05,-7072.34379379272,-0.014959761015841488
5.899449585996109,5.04827395406418e-06,-3586.408002113384,-0.006647496037193328
9.156417815152732,1.4293840061897612e-05,-2648.9848014492754,-0.006483569604220588
8.398842047578523,1.0332395156620362e-05,-8365.474290190576,-0.021860224984146862
5.401708035753868,1.6912959969156267e-05,-6661.530926580113,-0.0028291408659719564
2.179754466560939,6.394859597346983e-06,-1882.5382292576496,-0.00013894481461119382
4.149418875079569,1.382303400422586e-05,-2739.758322747347,-0.0006453235842552139
6.333073717286935,1.2214593348291858e-05,-1136.2743751377184,-0.0010768486153349228
7.067825758609178,1.4634882888578414e-05,-3211.765662861273,-0.0035311724444754807
4.063101483465618,5.972803917244526e-06,-6461.243190748699,-0.0033068741230259033
3.114848592582593,1.3699756811421971e-05,-4684.25949404826,-0.0004709184823035538
8.679441894394394,1.3422268819392857e-05,-4050.871711774117,-0.008993003895888557
9.875217445628417,1.3409901416242566e-05,-9293.897653145885,-0.030417192524170987
6.205521458421487,1.4052314998946825e-05,-5099.527368065214,-0.003952061733873055
3.373434286786428,1.5147019058395435e-05,-3616.1125437465134,-0.00041767487855906126
4.178458612154952,1.7074834995211547e-05,-8494.108263990456,-0.0016539272983417293
2.147125412379734,9.047310801923216e-06,-2974.314543169986,-0.00014830180786017685
9.314390452483991,1.7375741152700934e-05,-4746.044975372995,-0.010059089062421147
2.942008663121129,1.2473835233951806e-05,-1430.0039287216478,-0.0001330380569970791
6.6121318041140285,6.155874187014968e-06,-9618.199316137974,-0.02058426517392981
4.192441765497648,5.878263938659688e-06,-7612.064762000797,-0.004348718870543764
6.433424020126347,1.0013574780440913e-05,-4586.015086301583,-0.005557502754681072
7.211363106814914,1.6773454656672015e-05,-7330.960790146624,-0.00746959909461007
8.637934429657612,1.5615214021113737e-05,-3570.1825233588197,-0.006715510183821304
3.6513701740848257,1.6829224470086098e-05,-3168.952457302621,-0.00041775921275217793
2.087966629267844,1.2759035846624142e-05,-9077.35632340173,-0.0002951338412212407
3.095085040550458,1.1602984969332358e-05,-5375.30982213909,-0.0006259769683113749
9.20014913478484,7.2117879005942595e-06,-5419.984999680497,-0.02667144622035078
8.991120620500123,9.922891304139673e-06,-6676.473068060131,-0.022287284844706837
6.779304817362466,1.1510290492608131e-05,-1603.6762368729505,-0.0019783025846058194
6.804134883469227,6.329006445194259e-06,-2552.443121141009,-0.0057895672441622545
7.320293396370044,8.30917929066817e-06,-3725.115562813269,-0.00801445340197719
3.4029702289875967,1.3973379410956083e-05,-3571.060278385022,-0.0004589622891390731
9.315295567399678,1.603494671358785e-05,-5844.554705681928,-0.013427051330217921
5.350164199136585,1.9975212670894246e-05,-1711.0493101308166,-0.0005978321556858261
5.06510822599598,1.8996699970153368e-05,-3748.6411547204316,-0.0011686076300037806
6.1513416422627,1.4638477993027874e-05,-3439.170445097652,-0.0024921498057386975
2.3757277342004404,1.1318720799411082e-05,-2244.781865913893,-0.00012119190869253873
3.3302669500486353,1.4542660470623492e-05,-7533.3556959202815,-0.0008719439636310773
7.9042689314109635,1.678477427120348e-05,-2736.361865199673,-0.003669019102069586
2.6623893434010117,6.77504286385081e-06,-8242.834573391572,-0.0010463718799713741
6.825216875731106,1.1148573345444325e-05,-6891.92242979601,-0.008957303247904273
3.9627928774505676,1.759703428453426e-05,-6979.505911571416,-0.001124853968333581
5.114364912335812,1.0757494278995662e-05,-1193.2707844977358,-0.0006762539953269768
4.309549894165599,1.3578084068407798e-05,-2291.164986268658,-0.0006154891964824499
4.845381731719593,1.3816540412932975e-05,-3689.4712456876623,-0.0013843810165685105
7.752367241473964,7.767143797004591e-06,-3456.489145461489,-0.009448953012301874
4.3769737249854,1.0433531624784327e-05,-4941.34485037686,-0.0018098495328398368
6.5312371223751775,1.0017669331128983e-05,-1476.1839960233283,-0.001870970669502844
5.808403217592797,5.392950627980972e-06,-5533.671224058746,-0.009163555287170427
7.309369322901185,5.3628764583703295e-06,-6575.340611170949,-0.021820615924678842
9.494637914598064,1.7475455655136606e-05,-8532.681967615681,-0.019045794603876728
7.860576777682002,9.096062149592187e-06,-2924.1491296504782,-0.0071156759974215006
3.719523028726054,1.2771181493582235e-05,-3390.0046113196768,-0.0006224977588738556
2.2494650804902774,9.480883603831597e-06,-6540.804653282787,-0.0003578713698198142
4.098112354398601,1.911018867673011e-05,-9773.259274366936,-0.0016041052212725693
6.760623445602039,8.889451382986607e-06,-2449.0240505379033,-0.0038795839765425823
2.411406507874003,1.1444852191084028e-05,-9897.238148913337,-0.0005526140754915593
5.970929977609891,1.809095375726903e-05,-3666.701983338541,-0.001966287003575803
6.774742791335114,1.7629003501877133e-05,-1267.6860124654868,-0.0010189882899910058
4.673951126535687,7.79152126769416e-06,-6061.048046666168,-0.003619801795764142
8.167297629966576,1.703964964693566e-05,-7885.239355036425,-0.01148936935126688
2.8527860250701744,1.1872803301068392e-05,-3656.1609096095644,-0.00032582653323832793
2.60110225388647,1.2244533081280331e-05,-2645.8467218597334,-0.0001733011931823465
7.825510049628827,7.002199586239158e-06,-5082.127155299374,-0.015850969353997817
5.963930529649588,6.20902270635687e-06,-1296.682522694684,-0.0020189007130169915
7.507219171421888,1.591908960460648e-05,-9534.98150507835,-0.011549036064649562
5.47861870882997,1.2446917285329497e-05,-5456.839615259247,-0.0032854846230172888
3.9712162659128545,1.1552760539227696e-05,-3533.9144740970496,-0.0008730672620400709
8.552818541393599,1.5942623429785952e-05,-2236.2357596573893,-0.003999377494405007
8.395327031751833,1.6482693484866648e-05,-8386.69949282989,-0.013720899354588359
7.557571766835414,7.383622515040305e-06,-2799.968664126867,-0.007459974615047347
4.177161097839702,1.4153377242164622e-05,-5025.636318533093,-0.0011794552657195254
6.721845334952697,7.030311234165283e-06,-6431.016862090331,-0.012661275741710878
4.887791175520214,1.6270626290435686e-05,-8814.564742788158,-0.0028829781776295825
2.732656586613073,1.4854327344007095e-05,-2212.338169819788,-0.000138503426664027
9.338508603697942,1.9349219316251873e-05,-8584.541126382563,-0.016466186589986054
3.0945490473516912,6.0343702453463185e-06,-7211.909267118107,-0.0016140509386190105
9.60189883056642,5.8558208172688156e-06,-7389.590212338068,-0.0509109003744452
5.568046183663646,9.232806120398002e-06,-2157.2736922823115,-0.0018381749451170414
